,control,experiment
time mean,20.1875,35.583333333333336
grabs mean,2.75,7.75
time stddev,12.432316759156356,28.68467545677667
grabs stddev,1.9148542155126762,5.42929762743513
