,control,experiment
time mean,20.1875,35.583333333333336
grabs mean,4.0,8.6875
time stddev,12.432316759156356,28.68467545677667
grabs stddev,5.6754318175615035,5.7005116729407135
